{"font":"Segoe UI","size":"100","kern":{"!/":68.42188,"!\\":68.42188,"!j":52.64063,"\"/":79.21875,"\"\\":79.21875,"\"j":63.4375,"#j":83.3125,"$j":78.125,"%j":106.0625,"&j":104.25,"'/":63,"'\\":63,"'j":47.21875,"(/":70.1875,"(\\":70.1875,"(j":54.40625,")/":70.1875,")\\":70.1875,")j":54.40625,"*j":65.92188,"+j":92.64063,",/":61.6875,",\\":61.6875,",j":45.90625,"-j":64.21875,"./":61.6875,".\\":61.6875,".j":45.90625,"//":80.96875,"/\\":80.96875,"/j":65.1875,"0j":78.125,"1j":78.125,"2j":78.125,"3j":78.125,"4j":78.125,"5j":78.125,"6j":78.125,"7j":78.125,"8j":78.125,"9j":78.125,":/":61.6875,":\\":61.6875,":j":45.90625,";/":61.6875,";\\":61.6875,";j":45.90625,"<j":92.64063,"=j":92.64063,">j":92.64063,"?j":69.04688,"@j":119.7344,"AT":109.7188,"AV":119.7813,"AW":151.0781,"AY":113.6719,"Aj":88.73438,"BT":105.2344,"BY":110.1094,"Bj":81.54688,"Cj":86.14063,"DT":118.0313,"Dj":94.34375,"Ej":74.8125,"FA":107.4844,"FJ":81.3125,"Fa":96.29688,"Fj":73.04688,"Gj":92.82813,"Hj":95.21875,"I/":66.625,"I\\":66.625,"Ij":50.84375,"J/":75.70313,"JA":97.76563,"JJ":67.48438,"J\\":75.70313,"Jj":59.92188,"K/":98.01563,"KC":115.5313,"KG":122.2188,"KO":129.0156,"K\\":98.01563,"Kj":82.23438,"Ko":114.1719,"Kq":114.4531,"Kt":89.60938,"Kv":102.5938,"Kw":126.8594,"Ky":102.625,"LC":105.5781,"LG":112.4531,"LO":119.0469,"LT":92.64063,"LV":103.3281,"LW":134.625,"LY":97.21875,"Lj":71.29688,"Lv":90.1875,"Lw":114.4531,"Ly":91.1875,"Mj":114.0156,"Nj":99.03125,"OT":123.2969,"Oj":99.60938,"PA":113.6719,"PJ":85.40625,"Pa":103.4688,"Pc":98.5,"Pd":111.1875,"Pe":104.5938,"Pg":111.1875,"Pj":80.23438,"Po":110.8906,"Pq":111.1875,"Q/":115.3906,"QA":137.4531,"QT":123.2969,"QV":135.0625,"QW":166.3594,"QX":131.9375,"QY":128.9531,"QZ":129.9844,"Q\\":115.3906,"Qj":99.60938,"RT":107.7188,"Rc":103.0781,"Rd":115.7813,"Re":109.1875,"Rg":115.7813,"Rj":84.04688,"Ro":115.4844,"Sj":77.34375,"St":83.79688,"Sy":99.20313,"Sz":95.42188,"TA":110.0625,"TC":109.6719,"TG":116.3594,"TJ":82.57813,"TO":123.1563,"Ta":92.04688,"Tc":88.82813,"Td":101.5156,"Te":94.92188,"Tf":81.71875,"Tg":101.5156,"Tj":76.625,"Tm":129.8438,"Tn":100.2969,"To":101.2344,"Tp":102.5,"Tq":101.5156,"Tr":78.70313,"Ts":87.3125,"Tv":95.42188,"Tw":119.1406,"Tx":89.51563,"Ty":95.875,"Tz":92.09375,"Uj":92.92188,"VA":120.7656,"VJ":94.39063,"Va":105.6719,"Vc":101.9531,"Vd":114.6563,"Ve":108.0625,"Vg":114.6563,"Vj":86.32813,"Vm":144.3438,"Vn":114.7969,"Vo":114.3594,"Vp":117.1875,"Vq":114.6563,"Vr":93.40625,"Vs":101.3281,"Wj":117.6406,"Xj":83.20313,"YA":111.9688,"YC":113.2813,"YG":119.9844,"YJ":87.75,"YO":126.7656,"Ya":97.375,"Yc":92.6875,"Yd":105.375,"Ye":98.78125,"Yg":105.375,"Yj":79.5,"Ym":134.5313,"Yn":104.9844,"Yo":105.0781,"Yp":107.2344,"Yq":105.375,"Yr":83.39063,"Ys":91.21875,"Zj":81.25,"[/":70.1875,"[\\":70.1875,"[j":54.40625,"\\!":68.3125,"\\\"":79.10938,"\\#":98.98438,"\\$":93.79688,"\\%":121.7344,"\\&":119.9219,"\\'":62.89063,"\\(":70.07813,"\\)":70.07813,"\\*":81.59375,"\\+":108.3125,"\\,":61.57813,"\\-":79.89063,"\\.":61.57813,"\\/":79.89063,"\\0":93.79688,"\\1":93.79688,"\\2":93.79688,"\\3":93.79688,"\\4":93.79688,"\\5":93.79688,"\\6":93.79688,"\\7":93.79688,"\\8":93.79688,"\\9":93.79688,"\\:":61.57813,"\\;":61.57813,"\\<":108.3125,"\\=":108.3125,"\\>":108.3125,"\\?":84.71875,"\\@":135.4063,"\\A":104.4063,"\\B":97.21875,"\\C":101.8125,"\\D":110.0156,"\\E":90.48438,"\\F":88.71875,"\\G":108.5,"\\H":110.8906,"\\I":66.51563,"\\J":75.59375,"\\K":98.89063,"\\L":86.96875,"\\M":129.6875,"\\N":114.7031,"\\O":115.2813,"\\P":95.90625,"\\Q":117.8906,"\\R":99.89063,"\\S":93.01563,"\\T":92.29688,"\\U":108.5938,"\\V":102,"\\W":133.3125,"\\X":98.875,"\\Y":95.89063,"\\Z":96.92188,"\\[":70.07813,"\\\\":79.89063,"\\]":70.07813,"\\^":108.3125,"\\_":81.89063,"\\`":66.70313,"\\a":90.78125,"\\b":98.6875,"\\c":86.09375,"\\d":98.78125,"\\e":92.1875,"\\f":73.89063,"\\g":98.78125,"\\h":96.48438,"\\i":64.10938,"\\j":64.10938,"\\k":89.89063,"\\l":64.10938,"\\m":126.0313,"\\n":96.48438,"\\o":98.48438,"\\p":98.6875,"\\q":98.78125,"\\r":74.89063,"\\s":82.32813,"\\t":73.78125,"\\u":96.48438,"\\v":87.89063,"\\w":112.1563,"\\x":85.79688,"\\y":88.89063,"\\z":85.10938,"\\{":70.07813,"\\|":63.82813,"\\}":70.07813,"\\~":108.3125,"\\":89.89063,"]/":70.1875,"]\\":70.1875,"]j":54.40625,"^j":92.64063,"_/":82.51563,"_\\":82.51563,"_j":66.73438,"`/":66.8125,"`\\":66.8125,"`j":51.03125,"aj":75.10938,"bj":83.01563,"cj":70.42188,"dj":83.10938,"ej":76.51563,"f!":59.71875,"f\"":70.51563,"f#":90.39063,"f$":85.21875,"f%":113.1406,"f&":111.3281,"f'":54.29688,"f(":61.48438,"f)":61.48438,"f*":73,"f+":99.71875,"f,":52.98438,"f-":71.29688,"f.":52.98438,"f/":71.3125,"f0":85.21875,"f1":85.21875,"f2":85.21875,"f3":85.21875,"f4":85.21875,"f5":85.21875,"f6":85.21875,"f7":85.21875,"f8":85.21875,"f9":85.21875,"f:":52.98438,"f;":52.98438,"f<":99.71875,"f=":99.71875,"f>":99.71875,"f?":76.125,"f@":126.8125,"fA":95.8125,"fB":88.625,"fC":93.21875,"fD":101.4219,"fE":81.89063,"fF":80.14063,"fG":99.90625,"fH":102.2969,"fI":57.92188,"fJ":67,"fK":90.3125,"fL":78.375,"fM":121.0938,"fN":106.1094,"fO":106.7031,"fP":87.3125,"fQ":109.3125,"fR":91.3125,"fS":84.4375,"fT":83.70313,"fU":100,"fV":93.42188,"fW":124.7188,"fX":90.29688,"fY":87.3125,"fZ":88.34375,"f[":61.48438,"f\\":71.3125,"f]":61.48438,"f^":99.71875,"f_":73.3125,"f`":58.10938,"fa":82.1875,"fb":90.09375,"fc":77.5,"fd":90.1875,"fe":83.59375,"ff":65.3125,"fg":90.1875,"fh":87.89063,"fi":55.53125,"fj":55.53125,"fk":81.3125,"fl":55.53125,"fm":117.4375,"fn":87.89063,"fo":89.90625,"fp":90.09375,"fq":90.1875,"fr":66.3125,"fs":73.73438,"ft":65.1875,"fu":87.89063,"fv":79.3125,"fw":103.5781,"fx":77.20313,"fy":80.3125,"fz":76.51563,"f{":61.48438,"f|":55.23438,"f}":61.48438,"f~":99.71875,"f":81.3125,"gj":83.10938,"hj":80.8125,"i/":64.21875,"i\\":64.21875,"ij":48.4375,"j/":74.21875,"j\\":74.21875,"jj":58.4375,"kj":73.9375,"l/":64.21875,"l\\":64.21875,"lj":48.4375,"mj":110.3594,"nj":80.8125,"oj":82.8125,"pj":83.01563,"qj":83.10938,"r/":74.76563,"r\\":74.76563,"rj":58.98438,"sj":66.65625,"t/":73.89063,"t\\":73.89063,"tj":58.10938,"uj":80.8125,"vj":72.125,"wj":96.48438,"xj":70.125,"y/":88.39063,"y\\":88.39063,"yj":72.60938,"zj":69.4375,"{/":70.1875,"{\\":70.1875,"{j":54.40625,"|/":63.9375,"|\\":63.9375,"|j":48.15625,"}/":70.1875,"}\\":70.1875,"}j":54.40625,"~j":92.64063,"j":74.21875},"baseline":108,"height":133,"widths":{"32":27.375,"33":28.42188,"34":39.21875,"35":59.09375,"36":53.90625,"37":81.84375,"38":80.03125,"39":23,"40":30.1875,"41":30.1875,"42":41.70313,"43":68.42188,"44":21.6875,"45":40,"46":21.6875,"47":42,"48":53.90625,"49":53.90625,"50":53.90625,"51":53.90625,"52":53.90625,"53":53.90625,"54":53.90625,"55":53.90625,"56":53.90625,"57":53.90625,"58":21.6875,"59":21.6875,"60":68.42188,"61":68.42188,"62":68.42188,"63":44.82813,"64":95.51563,"65":64.51563,"66":57.32813,"67":61.92188,"68":70.125,"69":50.59375,"70":48.82813,"71":68.60938,"72":71,"73":26.625,"74":35.70313,"75":59,"76":47.07813,"77":89.79688,"78":74.8125,"79":75.39063,"80":56.01563,"81":78,"82":60,"83":53.125,"84":52.40625,"85":68.70313,"86":62.10938,"87":93.42188,"88":58.98438,"89":56,"90":57.03125,"91":30.1875,"92":42,"93":30.1875,"94":68.42188,"95":43,"96":26.8125,"97":50.89063,"98":58.79688,"99":46.20313,"100":58.89063,"101":52.29688,"102":34,"103":58.89063,"104":56.59375,"105":24.21875,"106":34.21875,"107":50,"108":24.21875,"109":86.14063,"110":56.59375,"111":58.59375,"112":58.79688,"113":58.89063,"114":35,"115":42.4375,"116":33.89063,"117":56.59375,"118":48,"119":72.26563,"120":45.90625,"121":49,"122":45.21875,"123":30.1875,"124":23.9375,"125":30.1875,"126":68.42188,"127":50},"mean":51.8574,"adjust":0.518574}